{"cameraMode":{"drawMode":0,"name":"Shaded","section":"Shading Mode"},"sceneLighting":false,"audioPlay":false,"sceneViewState":{"showFog":true,"showMaterialUpdate":false,"showSkybox":true,"showFlares":true,"showImageEffects":true,"showParticleSystems":true},"in2DMode":false,"pivot":{"x":0.1561271846294403,"y":0.40142109990119936,"z":-0.06334543228149414},"rotation":{"x":0.04947305843234062,"y":0.016479041427373887,"z":-0.0008163797319866717,"w":0.9986391663551331},"size":4.755262851715088,"orthographic":false}