{"cameraMode":{"drawMode":0,"name":"Shaded","section":"Shading Mode"},"sceneLighting":false,"audioPlay":false,"sceneViewState":{"showFog":true,"showMaterialUpdate":false,"showSkybox":true,"showFlares":true,"showImageEffects":true,"showParticleSystems":true},"in2DMode":false,"pivot":{"x":-0.44308531284332278,"y":-0.21695339679718018,"z":0.9692889451980591},"rotation":{"x":0.008028138428926468,"y":-0.901199221611023,"z":0.43300867080688479,"w":0.016706466674804689},"size":1.359022855758667,"orthographic":false}