{"cameraMode":{"drawMode":0,"name":"Shaded","section":"Shading Mode"},"sceneLighting":false,"audioPlay":false,"sceneViewState":{"showFog":true,"showMaterialUpdate":false,"showSkybox":true,"showFlares":true,"showImageEffects":true,"showParticleSystems":true},"in2DMode":false,"pivot":{"x":-3.066437244415283,"y":-1.5408532619476319,"z":0.006420552730560303},"rotation":{"x":-0.16051937639713288,"y":0.6705794930458069,"z":-0.15200591087341309,"w":-0.7081319689750671},"size":4.94082498550415,"orthographic":false}