{"cameraMode":{"drawMode":0,"name":"Shaded","section":"Shading Mode"},"sceneLighting":false,"audioPlay":false,"sceneViewState":{"showFog":true,"showMaterialUpdate":false,"showSkybox":true,"showFlares":true,"showImageEffects":true,"showParticleSystems":true},"in2DMode":false,"pivot":{"x":-3.0547380447387697e-7,"y":-0.5549998879432678,"z":0.007228374481201172},"rotation":{"x":-0.05083264410495758,"y":-0.9491488933563232,"z":0.22265014052391053,"w":-0.2167012244462967},"size":2.1051743030548097,"orthographic":false}