{"cameraMode":{"drawMode":0,"name":"Shaded","section":"Shading Mode"},"sceneLighting":true,"audioPlay":false,"sceneViewState":{"showFog":true,"showMaterialUpdate":false,"showSkybox":true,"showFlares":true,"showImageEffects":true,"showParticleSystems":true},"in2DMode":false,"pivot":{"x":19.011329650878908,"y":-8.786252975463868,"z":-10.500455856323243},"rotation":{"x":-0.2863064706325531,"y":-0.7008318305015564,"z":0.37508779764175417,"w":-0.5349510312080383},"size":20.25021743774414,"orthographic":false}