{"cameraMode":{"drawMode":0,"name":"Shaded","section":"Shading Mode"},"sceneLighting":false,"audioPlay":false,"sceneViewState":{"showFog":true,"showMaterialUpdate":false,"showSkybox":true,"showFlares":true,"showImageEffects":true,"showParticleSystems":true},"in2DMode":false,"pivot":{"x":-3.530226707458496,"y":0.9509475827217102,"z":2.0534770488739015},"rotation":{"x":-0.490680992603302,"y":0.12081364542245865,"z":-0.06891665607690811,"w":-0.8601667284965515},"size":4.2819294929504398,"orthographic":false}