{"cameraMode":{"drawMode":0,"name":"Shaded","section":"Shading Mode"},"sceneLighting":false,"audioPlay":false,"sceneViewState":{"showFog":true,"showMaterialUpdate":false,"showSkybox":true,"showFlares":true,"showImageEffects":true,"showParticleSystems":true},"in2DMode":false,"pivot":{"x":0.37615713477134707,"y":-0.5696994066238403,"z":0.8714298009872437},"rotation":{"x":-0.23508937656879426,"y":-0.12722033262252809,"z":0.031054357066750528,"w":-0.963111400604248},"size":9.84671401977539,"orthographic":false}