{"cameraMode":{"drawMode":0,"name":"Shaded","section":"Shading Mode"},"sceneLighting":true,"audioPlay":false,"sceneViewState":{"showFog":true,"showMaterialUpdate":false,"showSkybox":true,"showFlares":true,"showImageEffects":true,"showParticleSystems":true},"in2DMode":false,"pivot":{"x":-30.869998931884767,"y":0.8014234304428101,"z":-34.102684020996097},"rotation":{"x":0.12562690675258637,"y":-0.6477624177932739,"z":0.10946456342935562,"w":0.7433971166610718},"size":4.772285461425781,"orthographic":false}