{"cameraMode":{"drawMode":0,"name":"Shaded","section":"Shading Mode"},"sceneLighting":false,"audioPlay":false,"sceneViewState":{"showFog":true,"showMaterialUpdate":false,"showSkybox":true,"showFlares":true,"showImageEffects":true,"showParticleSystems":true},"in2DMode":false,"pivot":{"x":0.2335878610610962,"y":-0.5053484439849854,"z":-0.27116793394088747},"rotation":{"x":-0.08170666545629502,"y":-0.9068306088447571,"z":0.20699089765548707,"w":-0.35796239972114565},"size":1.7437760829925538,"orthographic":false}