{"cameraMode":{"drawMode":0,"name":"Shaded","section":"Shading Mode"},"sceneLighting":false,"audioPlay":false,"sceneViewState":{"showFog":true,"showMaterialUpdate":false,"showSkybox":true,"showFlares":true,"showImageEffects":true,"showParticleSystems":true},"in2DMode":false,"pivot":{"x":69.8499984741211,"y":26.639999389648439,"z":27.5},"rotation":{"x":0.12562690675258637,"y":-0.6477624177932739,"z":0.10946456342935562,"w":0.7433971166610718},"size":3.268545150756836,"orthographic":false}