{"cameraMode":{"drawMode":0,"name":"Shaded","section":"Shading Mode"},"sceneLighting":false,"audioPlay":false,"sceneViewState":{"showFog":true,"showMaterialUpdate":false,"showSkybox":true,"showFlares":true,"showImageEffects":true,"showParticleSystems":true},"in2DMode":false,"pivot":{"x":-1.4799723625183106,"y":-0.22279274463653565,"z":0.5404365062713623},"rotation":{"x":0.19216394424438477,"y":-0.47222042083740237,"z":0.10629541426897049,"w":0.8536874055862427},"size":3.005173921585083,"orthographic":false}