{"cameraMode":{"drawMode":0,"name":"Shaded","section":"Shading Mode"},"sceneLighting":false,"audioPlay":false,"sceneViewState":{"showFog":true,"showMaterialUpdate":false,"showSkybox":true,"showFlares":true,"showImageEffects":true,"showParticleSystems":true},"in2DMode":false,"pivot":{"x":-9.77874755859375,"y":0.7967547178268433,"z":14.998976707458496},"rotation":{"x":0.038805749267339709,"y":-0.7926214337348938,"z":0.05072450637817383,"w":0.6063599586486816},"size":2.752833604812622,"orthographic":false}