{"cameraMode":{"drawMode":0,"name":"Shaded","section":"Shading Mode"},"sceneLighting":false,"audioPlay":false,"sceneViewState":{"showFog":true,"showMaterialUpdate":false,"showSkybox":true,"showFlares":true,"showImageEffects":true,"showParticleSystems":true},"in2DMode":false,"pivot":{"x":0.48253047466278078,"y":-0.6671210527420044,"z":-0.07881473004817963},"rotation":{"x":-0.24215297400951386,"y":-0.7367948293685913,"z":0.3324945271015167,"w":-0.5366030335426331},"size":1.9409770965576172,"orthographic":false}