{"cameraMode":{"drawMode":0,"name":"Shaded","section":"Shading Mode"},"sceneLighting":true,"audioPlay":false,"sceneViewState":{"showFog":true,"showMaterialUpdate":false,"showSkybox":true,"showFlares":true,"showImageEffects":true,"showParticleSystems":true},"in2DMode":false,"pivot":{"x":17.503450393676759,"y":11.138771057128907,"z":42.59577178955078},"rotation":{"x":-0.0666528046131134,"y":-0.9049696326255798,"z":0.15432427823543549,"w":-0.3908599019050598},"size":14.805925369262696,"orthographic":false}