{"cameraMode":{"drawMode":0,"name":"Shaded","section":"Shading Mode"},"sceneLighting":false,"audioPlay":false,"sceneViewState":{"showFog":true,"showMaterialUpdate":false,"showSkybox":true,"showFlares":true,"showImageEffects":true,"showParticleSystems":true},"in2DMode":false,"pivot":{"x":-4.76837158203125e-7,"y":0.7429794073104858,"z":-0.0000015497207641601563},"rotation":{"x":0.12562690675258637,"y":-0.6477624177932739,"z":0.10946456342935562,"w":0.7433971166610718},"size":4.911613464355469,"orthographic":false}