{"cameraMode":{"drawMode":0,"name":"Shaded","section":"Shading Mode"},"sceneLighting":false,"audioPlay":false,"sceneViewState":{"showFog":true,"showMaterialUpdate":false,"showSkybox":true,"showFlares":true,"showImageEffects":true,"showParticleSystems":true},"in2DMode":false,"pivot":{"x":2.384185791015625e-7,"y":0.8714234232902527,"z":-0.03748524188995361},"rotation":{"x":0.08281616121530533,"y":-0.8864356875419617,"z":0.17453421652317048,"w":0.42060792446136477},"size":4.755262851715088,"orthographic":false}