{"cameraMode":{"drawMode":0,"name":"Shaded","section":"Shading Mode"},"sceneLighting":false,"audioPlay":false,"sceneViewState":{"showFog":true,"showMaterialUpdate":false,"showSkybox":true,"showFlares":true,"showImageEffects":true,"showParticleSystems":true},"in2DMode":false,"pivot":{"x":0.48253047466278078,"y":-0.6671210527420044,"z":-0.07881473004817963},"rotation":{"x":-0.24215295910835267,"y":-0.7367947697639465,"z":0.33249449729919436,"w":-0.5366029739379883},"size":1.3409771919250489,"orthographic":false}