{"cameraMode":{"drawMode":0,"name":"Shaded","section":"Shading Mode"},"sceneLighting":false,"audioPlay":false,"sceneViewState":{"showFog":true,"showMaterialUpdate":false,"showSkybox":true,"showFlares":true,"showImageEffects":true,"showParticleSystems":true},"in2DMode":false,"pivot":{"x":69.72917175292969,"y":26.322160720825197,"z":27.076190948486329},"rotation":{"x":0.08281616121530533,"y":-0.8864356875419617,"z":0.17453421652317048,"w":0.42060792446136477},"size":4.168545246124268,"orthographic":false}