{"cameraMode":{"drawMode":0,"name":"Shaded","section":"Shading Mode"},"sceneLighting":false,"audioPlay":false,"sceneViewState":{"showFog":true,"showMaterialUpdate":false,"showSkybox":true,"showFlares":true,"showImageEffects":true,"showParticleSystems":true},"in2DMode":false,"pivot":{"x":-0.34636223316192629,"y":-0.3089582324028015,"z":0.14787006378173829},"rotation":{"x":0.019025716930627824,"y":-0.956516444683075,"z":0.0640953853726387,"w":0.2839120924472809},"size":3.3452341556549074,"orthographic":false}