{"cameraMode":{"drawMode":0,"name":"Shaded","section":"Shading Mode"},"sceneLighting":false,"audioPlay":false,"sceneViewState":{"showFog":true,"showMaterialUpdate":false,"showSkybox":true,"showFlares":true,"showImageEffects":true,"showParticleSystems":true},"in2DMode":false,"pivot":{"x":-0.24777185916900636,"y":0.03389084339141846,"z":1.5219955444335938},"rotation":{"x":0.22929523885250092,"y":-0.24764534831047059,"z":0.060447029769420627,"w":0.9393836855888367},"size":4.2304792404174809,"orthographic":false}