{"cameraMode":{"drawMode":0,"name":"Shaded","section":"Shading Mode"},"sceneLighting":false,"audioPlay":false,"sceneViewState":{"showFog":true,"showMaterialUpdate":false,"showSkybox":true,"showFlares":true,"showImageEffects":true,"showParticleSystems":true},"in2DMode":false,"pivot":{"x":6.346405029296875,"y":-1.481363296508789,"z":35.90948486328125},"rotation":{"x":-0.13743729889392854,"y":0.71342933177948,"z":-0.14603528380393983,"w":-0.6714189648628235},"size":2.8578836917877199,"orthographic":false}