{"cameraMode":{"drawMode":0,"name":"Shaded","section":"Shading Mode"},"sceneLighting":false,"audioPlay":false,"sceneViewState":{"showFog":true,"showMaterialUpdate":false,"showSkybox":true,"showFlares":true,"showImageEffects":true,"showParticleSystems":true},"in2DMode":false,"pivot":{"x":-0.3888586461544037,"y":0.7254742383956909,"z":-0.34941816329956057},"rotation":{"x":-0.36334362626075747,"y":0.28817135095596316,"z":-0.11926614493131638,"w":-0.8779033422470093},"size":1.9416587352752686,"orthographic":false}