{"cameraMode":{"drawMode":0,"name":"Shaded","section":"Shading Mode"},"sceneLighting":false,"audioPlay":false,"sceneViewState":{"showFog":true,"showMaterialUpdate":false,"showSkybox":true,"showFlares":true,"showImageEffects":true,"showParticleSystems":true},"in2DMode":false,"pivot":{"x":-0.5950930118560791,"y":-0.3787742555141449,"z":-0.051032304763793948},"rotation":{"x":0.027150925248861314,"y":-0.841350793838501,"z":0.04244747757911682,"w":0.5381355285644531},"size":3.543775796890259,"orthographic":false}