{"cameraMode":{"drawMode":0,"name":"Shaded","section":"Shading Mode"},"sceneLighting":false,"audioPlay":false,"sceneViewState":{"showFog":true,"showMaterialUpdate":false,"showSkybox":true,"showFlares":true,"showImageEffects":true,"showParticleSystems":true},"in2DMode":false,"pivot":{"x":4.76837158203125e-7,"y":1.6473795175552369,"z":0.0},"rotation":{"x":0.5871597528457642,"y":-0.21088352799415589,"z":0.16195212304592133,"w":0.7645542025566101},"size":10.949085235595704,"orthographic":false}