{"cameraMode":{"drawMode":0,"name":"Shaded","section":"Shading Mode"},"sceneLighting":false,"audioPlay":false,"sceneViewState":{"showFog":true,"showMaterialUpdate":false,"showSkybox":true,"showFlares":true,"showImageEffects":true,"showParticleSystems":true},"in2DMode":false,"pivot":{"x":-1.3493900299072266,"y":1.0023698806762696,"z":0.2665698528289795},"rotation":{"x":0.08395317196846008,"y":-0.31144389510154726,"z":0.027634968981146814,"w":0.9461452960968018},"size":2.3552627563476564,"orthographic":false}