{"cameraMode":{"drawMode":0,"name":"Shaded","section":"Shading Mode"},"sceneLighting":true,"audioPlay":false,"sceneViewState":{"showFog":true,"showMaterialUpdate":false,"showSkybox":true,"showFlares":true,"showImageEffects":true,"showParticleSystems":true},"in2DMode":false,"pivot":{"x":24.716785430908204,"y":-9.576985359191895,"z":-5.510457992553711},"rotation":{"x":-0.21104024350643159,"y":-0.37202444672584536,"z":0.08726591616868973,"w":-0.8996913433074951},"size":41.90971755981445,"orthographic":false}