{"cameraMode":{"drawMode":0,"name":"Shaded","section":"Shading Mode"},"sceneLighting":true,"audioPlay":false,"sceneViewState":{"showFog":true,"showMaterialUpdate":false,"showSkybox":true,"showFlares":true,"showImageEffects":true,"showParticleSystems":true},"in2DMode":false,"pivot":{"x":-39.96715545654297,"y":-5.584839344024658,"z":-17.270729064941408},"rotation":{"x":0.19980265200138093,"y":-0.3777039051055908,"z":0.08383015543222428,"w":0.9002173542976379},"size":32.87899398803711,"orthographic":false}