{"cameraMode":{"drawMode":0,"name":"Shaded","section":"Shading Mode"},"sceneLighting":true,"audioPlay":false,"sceneViewState":{"showFog":true,"showMaterialUpdate":false,"showSkybox":true,"showFlares":true,"showImageEffects":true,"showParticleSystems":true},"in2DMode":false,"pivot":{"x":-31.32069206237793,"y":1.169060230255127,"z":-35.128883361816409},"rotation":{"x":-0.19984081387519837,"y":-0.4806974232196808,"z":0.11351923644542694,"w":-0.8462311029434204},"size":5.856060028076172,"orthographic":false}