{"cameraMode":{"drawMode":0,"name":"Shaded","section":"Shading Mode"},"sceneLighting":false,"audioPlay":false,"sceneViewState":{"showFog":true,"showMaterialUpdate":false,"showSkybox":true,"showFlares":true,"showImageEffects":true,"showParticleSystems":true},"in2DMode":false,"pivot":{"x":-2.7693023681640627,"y":0.5190921425819397,"z":-1.1981801986694337},"rotation":{"x":-0.0031101256608963014,"y":-0.7914897799491882,"z":-0.004028974566608667,"w":0.6111611723899841},"size":4.9590229988098148,"orthographic":false}