{"cameraMode":{"drawMode":0,"name":"Shaded","section":"Shading Mode"},"sceneLighting":false,"audioPlay":false,"sceneViewState":{"showFog":true,"showMaterialUpdate":false,"showSkybox":true,"showFlares":true,"showImageEffects":true,"showParticleSystems":true},"in2DMode":false,"pivot":{"x":-58.60092544555664,"y":-4.23491096496582,"z":-68.05740356445313},"rotation":{"x":-0.0748508870601654,"y":-0.882658839225769,"z":0.15052466094493867,"w":-0.438922643661499},"size":6.652613639831543,"orthographic":false}