{"cameraMode":{"drawMode":0,"name":"Shaded","section":"Shading Mode"},"sceneLighting":false,"audioPlay":false,"sceneViewState":{"showFog":true,"showMaterialUpdate":false,"showSkybox":true,"showFlares":true,"showImageEffects":true,"showParticleSystems":true},"in2DMode":false,"pivot":{"x":-0.18623709678649903,"y":-0.7295888662338257,"z":-0.3010178208351135},"rotation":{"x":0.038805749267339709,"y":-0.7926214337348938,"z":0.05072450637817383,"w":0.6063599586486816},"size":3.543775796890259,"orthographic":false}